<?xml version="1.0" encoding="UTF-8"?>
<project-private xmlns="http://www.netbeans.org/ns/project-private/1">
    <editor-bookmarks xmlns="http://www.netbeans.org/ns/editor-bookmarks/2" lastBookmarkId="0"/>
    <open-files xmlns="http://www.netbeans.org/ns/projectui-open-files/2">
        <group>
            <file>file:/D:/Users/br/Documents/NetBeansProjects/trabalhoSD_API/src/trabalhosd_api/Tupla.java</file>
            <file>file:/D:/Users/br/Documents/NetBeansProjects/trabalhoSD_API/src/trabalhosd_api/Servidor.java</file>
            <file>file:/D:/Users/br/Documents/NetBeansProjects/trabalhoSD_API/src/trabalhosd_api/Tripla.java</file>
            <file>file:/D:/Users/br/Documents/NetBeansProjects/trabalhoSD_API/src/trabalhosd_api/TrabalhoSD_API.java</file>
        </group>
    </open-files>
</project-private>
